{
  "batch_evaluation": {
    "mean": 0.0009311653433913046,
    "stddev": 5.904187543739975e-05,
    "rounds": 1089,
    "iterations": 1024
  },
  "move_generation": {
    "mean": 0.04090534960021614,
    "stddev": 0.0012793931047999129,
    "rounds": 25,
    "iterations": 10
  }
}