{
  "batch_evaluation": {
    "mean": 0.0009311653433913046,
    "stddev": 5.904187543739975e-05,
    "rounds": 1089,
    "iterations": 1024
  }
}